﻿Designator,Quantity,Value,Footprint,Package,MPN,DNP,Mount_Type,Description
"J1, J2",2,Conn_01x20_Socket,PinSocket_1x20_P2.54mm_Vertical,,,,tht,"Generic connector, single row, 01x20, script generated"
J3,1,Conn_01x06_Socket,PinSocket_1x06_P2.54mm_Vertical,,,,tht,"Generic connector, single row, 01x06, script generated"
J4,1,Conn_01x08_Socket,PinSocket_1x08_P2.54mm_Vertical,,,,tht,"Generic connector, single row, 01x08, script generated"
J5,1,Conn_01x03_Socket,PinSocket_1x03_P2.54mm_Vertical,,,,tht,"Generic connector, single row, 01x03, script generated"
